Name,Internal ID,BC SKU,Display Name,Description,Purchase Description,Vendor Name,Store Display Name,Store Description,Primary Units Type,Primary Stock Unit,Primary Purchase Unit,Primary Sale Unit,Purchase Price
Blend,4370,,,,,,,,,,,,
Cased Goods,4371,,,,,,,,,,,,
7,4373,,Ceili's Cream 50ml Sample 200/cs,Ceili's Cream 50ml Sample 200/cs,,,,,Case(200),Case(200),Case(200),Case(200),
20,4374,,White Owl Whisky 50ml 200/cs,White Owl Whisky 50ml 200/cs,,,,,Case(200),Case(200),Case(200),Case(200),
21,4375,,White Owl Spiced 50ml 200/cs,White Owl Spiced 50ml 200/cs,,,,,Case(200),Case(200),Case(200),Case(200),
22,4376,,White Owl Ginger Lime 50ml 200/cs,White Owl Ginger Lime 50ml 200/cs,,,,,Case(200),Case(200),Case(200),Case(200),
23,4377,,Ninety Whisky 5yr 50ml 200/cs,Ninety Whisky 5yr 50ml 200/cs,,,,,Case(200),Case(200),Case(200),Case(200),
24,4378,,Foothills Vodka 50ml 200/cs,Foothills Vodka 50ml 200/cs,,,,,Case(200),Case(200),Case(200),Case(200),
25,4379,,White Owl Caramel 50ml 200/cs,White Owl Caramel 50ml 200/cs,,,,,Case(200),Case(200),Case(200),Case(200),
26,4380,,White Lightning MAX Vodka 50ml 200/cs,White Lightning MAX Vodka 50ml 200/cs,,,,,Case(200),Case(200),Case(200),Case(200),
28,4381,,WLV MAX Cinnamon 50ml 200/cs,WLV MAX Cinnamon 50ml 200/cs,,,,,Case(200),Case(200),Case(200),Case(200),
2386,4382,2386,Potter's Vodka 375ml 24/cs,Potter's Vodka 375ml 24/cs,,,,,Case(24),Case(24),Case(24),Case(24),
5520,4384,5520,Potter's Special Old Whisky 375ml 24/cs,Potter's Special Old Whisky 375ml 24/cs,,,,,Case(24),Case(24),Case(24),Case(24),
6072,4386,6072,Bols Vodka 750ml 12/cs,Bols Vodka 750ml 12/cs,,,,,Case(12),Case(12),Case(12),Case(12),
9019,4387,9019,Potter's Vodka 750ml 12/cs,Potter's Vodka 750ml 12/cs,,,,,Case(12),Case(12),Case(12),Case(12),
9092,4390,9092,Potter's Special Old Whisky 1140ml 12/cs,Potter's Special Old Whisky 1140ml 12/cs,,,,,Case(12),Case(12),Case(12),Case(12),
10843,4392,,Potter's Dark Rum 750ml 12/cs,Potter's Dark Rum 750ml 12/cs,,,,,Case(12),Case(12),Case(12),Case(12),
11478,4394,11478,Potter's Special Old Whisky 750ml 12/cs,Potter's Special Old Whisky 750ml 12/cs,,,,,Case(12),Case(12),Case(12),Case(12),
13375,4397,13375,Bols Vodka 1140ml 12/cs,Bols Vodka 1140ml 12/cs,,,,,Case(12),Case(12),Case(12),Case(12),
14068,4398,,Sahara Dry Gin 750ml 6/cs,Sahara Dry Gin 750ml 6/cs,,,,,Case(6),Case(6),Case(6),Case(6),
14076,4400,14076,Potter's London Dry Gin 1140ml 12/cs,Potter's London Dry Gin 1140ml 12/cs,,,,,Case(12),Case(12),Case(12),Case(12),
14498,4402,14498,Potter's Dark Rum 1140ml 12/cs,Potter's Dark Rum 1140ml 12/cs,,,,,Case(12),Case(12),Case(12),Case(12),
16709,4404,,Marushka Vodka 375ml 24/cs,Marushka Vodka 375ml 24/cs,,,,,Case(24),Case(24),Case(24),Case(24),
19281,4407,19281,Potter's Vodka 1140ml 12/cs,Potter's Vodka 1140ml 12/cs,,,,,Case(12),Case(12),Case(12),Case(12),
27078,4409,,Potter's White Rum 750ml 12/cs,Potter's White Rum 750ml 12/cs,,,,,Case(12),Case(12),Case(12),Case(12),
27458,4412,27458,Potter's White Rum 1140ml 12/cs,Potter's White Rum 1140ml 12/cs,,,,,Case(12),Case(12),Case(12),Case(12),
59176,4414,59176,Simply Vodka 1140ml 12/cs,Simply Vodka 1140ml 12/cs,,,,,Case(12),Case(12),Case(12),Case(12),
CA100232,4415,,Bols Vodka 375ml 24/cs,Bols Vodka 375ml 24/cs,,,,,Case(24),Case(24),Case(24),Case(24),
66373,4416,66373,Milestone's Bellini 1750ml 6/cs,Milestone's Bellini 1750ml 6/cs,,,,,Case(6),Case(6),Case(6),Case(6),
66732,4418,66732,White Lightning MAX Vodka 50ml 60/cs,White Lightning MAX Vodka 50ml 60/cs,,,,,Case(6),Case(6),Case(6),Case(6),
73635PET,4419,,Highwood Whisky 750ml 12/cs,Highwood Whisky 750ml 12/cs,,,,,Case(12),Case(12),Case(12),Case(12),
102572,4422,102572,Simply Vodka 375ml 24/cs,Simply Vodka 375ml 24/cs,,,,,Case(24),Case(24),Case(24),Case(24),
102605,4423,102605,Simply Vodka 750ml 12/cs,Simply Vodka 750ml 12/cs,,,,,Case(12),Case(12),Case(12),Case(12),
104784,4424,104784,True North Vodka Strong 375ml 24/cs,True North Vodka Strong 375ml 24/cs,,,,,Case(24),Case(24),Case(24),Case(24),
110075,4425,110075,Rye on the Rocks 1750ml 6/cs,Rye on the Rocks 1750ml 6/cs,,,,,Case(6),Case(6),Case(6),Case(6),
122325,4426,,Marushka Vodka 1140ml 12/cs,Marushka Vodka 1140ml 12/cs,,,,,Case(12),Case(12),Case(12),Case(12),
122333,4428,,Sahara Dry Gin 1140ml 12/cs,Sahara Dry Gin 1140ml 12/cs,,,,,Case(12),Case(12),Case(12),Case(12),
122358,4430,,Highwood Whisky 1140ml 12/cs,Highwood Whisky 1140ml 12/cs,,,,,Case(12),Case(12),Case(12),Case(12),
160077,4432,160077,Potter's Special Old Whisky 1750ml 6/cs,Potter's Special Old Whisky 1750ml 6/cs,,,,,Case(6),Case(6),Case(6),Case(6),
187917,4434,187917,White Lightning Vodka MAX 1140ml 12/cs,White Lightning Vodka MAX 1140ml 12/cs,,,,,Case(12),Case(12),Case(12),Case(12),
201459,4435,201459,Potter's Vodka 1750ml 6/cs,Potter's Vodka 1750ml 6/cs,,,,,Case(6),Case(6),Case(6),Case(6),
209213,4437,209213,Potter's White Rum 1750ml 6/cs,Potter's White Rum 1750ml 6/cs,,,,,Case(6),Case(6),Case(6),Case(6),
209692,4439,209692,Highwood White Rum 750ml 12/cs,Highwood White Rum 750ml 12/cs,,,,,Case(12),Case(12),Case(12),Case(12),
209700,4442,,Highwood White Rum 1140ml 12/cs,Highwood White Rum 1140ml 12/cs,,,,,Case(12),Case(12),Case(12),Case(12),
212415,4444,212415,Highwood Whisky 1750ml 6/cs,Highwood Whisky 1750ml 6/cs,,,,,Case(6),Case(6),Case(6),Case(6),
212423,4446,212423,Marushka Vodka 1750ml 6/cs,Marushka Vodka 1750ml 6/cs,,,,,Case(6),Case(6),Case(6),Case(6),
CA100230,4447,231167,Bols Vodka 1750ml 6/cs,Bols Vodka 1750ml 6/cs,,,,,Case(6),Case(6),Case(6),Case(6),
238816,4448,238816,Highwood White Rum 1750ml 6/cs,Highwood White Rum 1750ml 6/cs,,,,,Case(6),Case(6),Case(6),Case(6),
246611,4450,,White Lightning Vodka 1140ml 12/cs,White Lightning Vodka 1140ml 12/cs,,,,,Case(12),Case(12),Case(12),Case(12),
246629,4452,,White Lightning Vodka 750ml Glass 12/cs,White Lightning Vodka 750ml Glass 12/cs,,,,,Case(12),Case(12),Case(12),Case(12),
254144,4454,254144,Berezan Vodka 200ml 24/cs,Berezan Vodka 200ml 24/cs,,,,,Case(24),Case(24),Case(24),Case(24),
270983,4455,,White Lightning Vodka 1750ml 6/cs,White Lightning Vodka 1750ml 6/cs,,,,,Case(6),Case(6),Case(6),Case(6),
271445,4457,271445,Potter's Margarita 1140ml 12/cs,Potter's Margarita 1140ml 12/cs,,,,,Case(12),Case(12),Case(12),Case(12),
103700,4459,274134,Potter's Long Island Iced Tea 1140ml 12/cs,Potter's Long Island Iced Tea 1140ml 12/cs,,,,,Case(12),Case(12),Case(12),Case(12),
282525,4461,,Long Island Iced Tea 1140ml 12/cs,Long Island Iced Tea 1140ml 12/cs,,,,,Case(12),Case(12),Case(12),Case(12),
292128,4463,292128,Highwood Whisky 375ml 24/cs,Highwood Whisky 375ml 24/cs,,,,,Case(24),Case(24),Case(24),Case(24),
297051,4465,297051,Long Island Iced Tea 750ml 12/cs,Long Island Iced Tea 750ml 12/cs,,,,,Case(12),Case(12),Case(12),Case(12),
308692,4467,308692,Sahara Dry Gin 1750ml 6/cs,Sahara Dry Gin 1750ml 6/cs,,,,,Case(6),Case(6),Case(6),Case(6),
322370,4469,322370,Highwood Vodka 750ml 12/cs,Highwood Vodka 750ml 12/cs,,,,,Case(12),Case(12),Case(12),Case(12),
322388,4472,,Highwood Vodka 1140ml 12/cs,Highwood Vodka 1140ml 12/cs,,,,,Case(12),Case(12),Case(12),Case(12),
322396,4474,322396,Highwood Vodka 1750ml 6/cs,Highwood Vodka 1750ml 6/cs,,,,,Case(6),Case(6),Case(6),Case(6),
323618,4476,323618,Berezan Vodka 750ml 12/cs,Berezan Vodka 750ml 12/cs,,,,,Case(12),Case(12),Case(12),Case(12),
338368,4477,,White Lightning Vodka 375ml 24/cs,White Lightning Vodka 375ml 24/cs,,,,,Case(24),Case(24),Case(24),Case(24),
363085,4479,363085,Potter's Dark Rum 1750ml 6/cs,Potter's Dark Rum 1750ml 6/cs,,,,,Case(6),Case(6),Case(6),Case(6),
387209,4480,387209,Centennial Whisky 750ml 12/cs,Centennial Whisky 750ml 12/cs,,,,,Case(12),Case(12),Case(12),Case(12),
397034,4483,397034,Berezan Vodka 1750ml 6/cs,Berezan Vodka 1750ml 6/cs,,,,,Case(6),Case(6),Case(6),Case(6),
397042,4484,397042,Berezan Vodka 375ml 24/cs,Berezan Vodka 375ml 24/cs,,,,,Case(24),Case(24),Case(24),Case(24),
397059,4485,397059,Rye on the Rocks 375ml 24/cs,Rye on the Rocks 375ml 24/cs,,,,,Case(24),Case(24),Case(24),Case(24),
397067,4486,397067,Rye on the Rocks 750ml 12/cs,Rye on the Rocks 750ml 12/cs,,,,,Case(12),Case(12),Case(12),Case(12),
400119,4487,,Highwood White Rum 375ml 24/cs,Highwood White Rum 375ml 24/cs,,,,,Case(24),Case(24),Case(24),Case(24),
413843,4489,413843,White Lightnng Whisky MAX 750ml 12/cs,White Lightnng Whisky MAX 750ml 12/cs,,,,,Case(12),Case(12),Case(12),Case(12),
419804,4490,419804,Bols Vodka 200ml 48/cs,Bols Vodka 200ml 48/cs,,,,,Case(48),Case(48),Case(48),Case(48),
463117,4491,463117,Long Island Iced Tea 1750ml 6/cs,Long Island Iced Tea 1750ml 6/cs,,,,,Case(6),Case(6),Case(6),Case(6),
482992,4493,482992,Sahara Dry Gin 750ml 12/cs,Sahara Dry Gin 750ml 12/cs,,,,,Case(12),Case(12),Case(12),Case(12),
483016,4494,483016,Highwood Vodka 375ml 24/cs,Highwood Vodka 375ml 24/cs,,,,,Case(24),Case(24),Case(24),Case(24),
545202,4496,545202,Midnite Blue Sambuca 750ml 12/cs,Midnite Blue Sambuca 750ml 12/cs,,,,,Case(12),Case(12),Case(12),Case(12),
621805,4498,503524,Colita 750ml 12/cs,Colita 750ml 12/cs (BC 503524),,,,,Case(12),Case(12),Case(12),Case(12),
621821,4500,,China White 750ml 12/cs,China White 750ml 12/cs,,,,,Case(12),Case(12),Case(12),Case(12),
622332,4502,,Colita 1140ml 12/cs,Colita 1140ml 12/cs,,,,,Case(12),Case(12),Case(12),Case(12),
622399,4503,622399,Graffiti Raspberry Sourwave 1140ml 6/cs,Graffiti Raspberry Sourwave 1140ml 6/cs,,,,,Case(6),Case(6),Case(6),Case(6),
624908,4505,624908,Pristina Vodka 750ml 12/cs,Pristina Vodka 750ml 12/cs,,,,,Case(12),Case(12),Case(12),Case(12),
626804,4508,626804,Ceili's Irish Cream 750ml 12/cs,Ceili's Irish Cream 750ml 12/cs,,,,,Case(12),Case(12),Case(12),Case(12),
671685,4510,671685,Bullet Sour Monkey 28.4ml 106/cs,Bullet Sour Monkey 28.4ml 106/cs,,,,,Case(106),Case(106),Case(106),Case(106),
710163,4511,,Medallion Whisky 1140ml 12/cs,Medallion Whisky 1140ml 12/cs,,,,,Case(12),Case(12),Case(12),Case(12),
710164,4513,,Medallion Whisky 1750ml 6/cs,Medallion Whisky 1750ml 6/cs,,,,,Case(6),Case(6),Case(6),Case(6),
710165,4515,,Medallion Vodka 1750ml 6/cs,Medallion Vodka 1750ml 6/cs,,,,,Case(6),Case(6),Case(6),Case(6),
710166,4517,,Medallion Rum 1140ml 12/cs,Medallion Rum 1140ml 12/cs,,,,,Case(12),Case(12),Case(12),Case(12),
710167,4519,,Medallion Rum 1750ml 6/cs,Medallion Rum 1750ml 6/cs,,,,,Case(6),Case(6),Case(6),Case(6),
710168,4521,,Medallion Gin 1140ml 12/cs,Medallion Gin 1140ml 12/cs,,,,,Case(12),Case(12),Case(12),Case(12),
710169,4523,,Medallion Gin 1750ml 6/cs,Medallion Gin 1750ml 6/cs,,,,,Case(6),Case(6),Case(6),Case(6),
710401,4525,54742,Graffiti Butterscotch 1140ml 6/cs,Graffiti Butterscotch 1140ml 6/cs (BC 049858),,,,,Case(6),Case(6),Case(6),Case(6),
710403,4529,54957,Graffiti Rootbeer 1140ml 6/cs,Graffiti Rootbeer 1140ml 6/cs (BC 054957),,,,,Case(6),Case(6),Case(6),Case(6),
710404,4531,54858,Graffiti Banana 1140ml 6/cs,Graffiti Banana 1140ml 6/cs (BC 054858),,,,,Case(6),Case(6),Case(6),Case(6),
710405,4533,50377,Graffiti Melon 1140ml 6/cs,Graffiti Melon 1140ml 6/cs (BC 050377),,,,,Case(6),Case(6),Case(6),Case(6),
710406,4535,55152,Graffiti Peach Schnaps 1140ml 6/cs,Graffiti Peach Schnaps 1140ml 6/cs,,,,,Case(6),Case(6),Case(6),Case(6),
710407,4537,,Graffiti Amaretto 1140ml 6/cs,Graffiti Amaretto 1140ml 6/cs,,,,,Case(6),Case(6),Case(6),Case(6),
710408,4539,,Graffiti Creme de Cacao 1140ml 6/cs,Graffiti Creme de Cacao 1140ml 6/cs,,,,,Case(6),Case(6),Case(6),Case(6),
710420,4541,,Medallion Vodka 1140ml 12/cs,Medallion Vodka 1140ml 12/cs,,,,,Case(12),Case(12),Case(12),Case(12),
711963,4543,,Centennial Whisky 50ml 200/cs,Centennial Whisky 50ml 200/cs,,,,,Case(200),Case(200),Case(200),Case(200),
712688,4544,278598,Pristina Vodka 1140ml 12/cs,Pristina Vodka 1140ml 12/cs (BC 278598),,,,,Case(12),Case(12),Case(12),Case(12),
712707,4545,,White Sands Rum 1140ml 12/cs,White Sands Rum 1140ml 12/cs,,,,,Case(12),Case(12),Case(12),Case(12),
712708,4547,,White Sands Rum 1750ml 6/cs,White Sands Rum 1750ml 6/cs,,,,,Case(6),Case(6),Case(6),Case(6),
713234,4549,207290,Empire Gin 750ml 12/cs,Empire Gin 750ml 12/cs (BC 207290),,,,,Case(12),Case(12),Case(12),Case(12),
714443,4552,,Momento Rum 750ml 12/cs,Momento Rum 750ml 12/cs,,,,,Case(12),Case(12),Case(12),Case(12),
716140,4555,232629,Bullet Raspberry Sour Liquor 28.4ml 106/cs,Bullet Raspberry Sour Liquor 28.4ml 106/cs (BC 232629),,,,,Case(106),Case(106),Case(106),Case(106),
716141,4557,232454,Bullet Irish Cream Liquor 28.4ml 106/cs,Bullet Irish Cream Liquor 28.4ml 106/cs (BC 232454),,,,,Case(106),Case(106),Case(106),Case(106),
716142,4559,232447,Bullet Strawberry Tequila 28.4ml 106/cs,Bullet Strawberry Tequila 28.4ml 106/cs (BC 232447),,,,,Case(106),Case(106),Case(106),Case(106),
716144,4561,232462,Bullet Root Beer Liquor 28.4ml 106/cs,Bullet Root Beer Liquor 28.4ml 106/cs (BC 232462),,,,,Case(106),Case(106),Case(106),Case(106),
718099,4563,469742,Assorted Bullets 28.4ml 106/cs,Assorted Bullets 28.4ml 106/cs (BC 469742),,,,,Case(106),Case(106),Case(106),Case(106),
718127,4565,364208,Pristina Vodka 3L 1/cs,Pristina Vodka 3L 1/cs,,,,,Each,Each,Each,Each,
718408,4567,398776,Bullet Sambuca 28.4ml 106/cs,Bullet Sambuca 28.4ml 106/cs (BC 398776),,,,,Case(106),Case(106),Case(106),Case(106),
719029,4569,767574,Dublin Cream 750ml 12/cs,Dublin Cream 750ml 12/cs (BC 767574),,,,,Case(12),Case(12),Case(12),Case(12),
720273,4571,,Crow Whisky 1140ml 12/cs,Crow Whisky 1140ml 12/cs,,,,,Case(12),Case(12),Case(12),Case(12),
720274,4572,,Crow Rum 1750ml 6/cs,Crow Rum 1750ml 6/cs,,,,,Case(6),Case(6),Case(6),Case(6),
720275,4573,,Crow Vodka 1750ml 6/cs,Crow Vodka 1750ml 6/cs,,,,,Case(6),Case(6),Case(6),Case(6),
720276,4574,,Crow Whisky 1750ml 6/cs,Crow Whisky 1750ml 6/cs,,,,,Case(6),Case(6),Case(6),Case(6),
720277,4575,,Crow Rum 1140ml 12/cs,Crow Rum 1140ml 12/cs,,,,,Case(12),Case(12),Case(12),Case(12),
720278,4576,,Crow Vodka 1140ml 12/cs,Crow Vodka 1140ml 12/cs,,,,,Case(12),Case(12),Case(12),Case(12),
722853,4577,742015,Abstract Banana 750ml 6/cs,Abstract Banana 750ml 6/cs (BC 742015),,,,,Case(6),Case(6),Case(6),Case(6),
722854,4579,240358,Abstract Melon 750ml 6/cs,Abstract Melon 750ml 6/cs (BC 240358),,,,,Case(6),Case(6),Case(6),Case(6),
722855,4581,854455,Abstract Blue Curacao 750ml 6/cs,Abstract Blue Curacao 750ml 6/cs (BC 854455),,,,,Case(6),Case(6),Case(6),Case(6),
726848,4584,644013,Potter's Bellini 1140ml 6/cs,Potter's Bellini 1140ml 6/cs (BC 644013),,,,,Case(6),Case(6),Case(6),Case(6),
731525,4586,55269,Wild Cinnamon Whisky 375ml 12/cs,Wild Cinnamon Whisky 375ml 12/cs (BC 055269),,,,,Case(12),Case(12),Case(12),Case(12),
731526,4588,513028,Wild Cinnamon Whisky 750ml 12/cs,Wild Cinnamon Whisky 750ml 12/cs (BC 513028),,,,,Case(12),Case(12),Case(12),Case(12),
731527,4590,51755,Bullet Wild Cinnamon Whisky 28.4ml 106/cs,Bullet Wild Cinnamon Whisky 28.4ml 106/cs (BC 051755),,,,,Case(106),Case(106),Case(106),Case(106),
731535,4592,66514,Bullet Kandi Kiss 28.4ml 106/cs,Bullet Kandi Kiss 28.4ml 106/cs (BC 066514),,,,,Case(106),Case(106),Case(106),Case(106),
731538,4594,,Bullet Dirty Girl 28.4ml 106/cs,Bullet Dirty Girl 28.4ml 106/cs,,,,,Case(106),Case(106),Case(106),Case(106),
731548,4596,,Bullet Porn Star 28.4ml 106/cs,Bullet Porn Star 28.4ml 106/cs,,,,,Case(106),Case(106),Case(106),Case(106),
731550,4598,772137,Rainbow Bullets 28.4ml 106/cs,Rainbow Bullets 28.4ml 106/cs (BC 772137),,,,,Case(106),Case(106),Case(106),Case(106),
735919,4600,854802,Graffiti Assorted 1140ml 6/cs,Graffiti Assorted 1140ml 6/cs (BC 854802),,,,,Case(6),Case(6),Case(6),Case(6),
735928,4603,122317,White Owl Whisky 750ml 6/cs,White Owl Whisky 750ml 6/cs  (BC 122317),,,,,Case(6),Case(6),Case(6),Case(6),
736936,4606,,White Sands Rum 750ml 18/cs,White Sands Rum 750ml 18/cs,,,,,Case(18),Case(18),Case(18),Case(18),
736937,4608,,Marushka Vodka 750ml 18/cs,Marushka Vodka 750ml 18/cs,,,,,Case(18),Case(18),Case(18),Case(18),
736995,4610,,Medallion Whisky 750ml 18/cs,Medallion Whisky 750ml 18/cs,,,,,Case(18),Case(18),Case(18),Case(18),
736996,4612,,Medallion Gin 750ml 18/cs,Medallion Gin 750ml 18/cs,,,,,Case(18),Case(18),Case(18),Case(18),
736997,4613,,Medallion Rum 750ml 18/cs,Medallion Rum 750ml 18/cs,,,,,Case(18),Case(18),Case(18),Case(18),
736998,4615,,Medallion Vodka 750ml 18/cs,Medallion Vodka 750ml 18/cs,,,,,Case(18),Case(18),Case(18),Case(18),
738084,4617,,Highwood Vodka 750ml 18/cs,Highwood Vodka 750ml 18/cs,,,,,Case(18),Case(18),Case(18),Case(18),
738085,4619,,Highwood White Rum 750ml 18/cs,Highwood White Rum 750ml 18/cs,,,,,Case(18),Case(18),Case(18),Case(18),
738086,4621,,Highwood Whisky 750ml 18/cs,Highwood Whisky 750ml 18/cs,,,,,Case(18),Case(18),Case(18),Case(18),
738087,4623,,Potter's Vodka 750ml 18/cs,Potter's Vodka 750ml 18/cs,,,,,Case(18),Case(18),Case(18),Case(18),
738088,4625,,Potter's White Rum 750ml 18/cs,Potter's White Rum 750ml 18/cs,,,,,Case(18),Case(18),Case(18),Case(18),
738089,4627,,Potter's Special Old Whisky 750ml 18/cs,Potter's Special Old Whisky 750ml 18/cs,,,,,Case(18),Case(18),Case(18),Case(18),
738379,4629,121947,Sweet Sippin' Whisky 750ml 6/cs,Sweet Sippin' Whisky 750ml 6/cs  (BC 121947),,,,,Case(6),Case(6),Case(6),Case(6),
739764,4630,586313,Bullet Sex on the Beach 28.4ml 106/cs,Bullet Sex on the Beach 28.4ml 106/cs (BC 586313),,,,,Case(106),Case(106),Case(106),Case(106),
739765,4632,413005,Bullet B-52 28.4ml 106/cs,Bullet B-52 28.4ml 106/cs (BC 413005),,,,,Case(106),Case(106),Case(106),Case(106),
739845,4634,15305,Apple Sourwave 1140ml 6/cs,Apple Sourwave 1140ml 6/cs (BC 015305),,,,,Case(6),Case(6),Case(6),Case(6),
740342,4636,296194,Potter's Paralyzer 1140ml 12/cs,Potter's Paralyzer 1140ml 12/cs (BC 296194),,,,,Case(12),Case(12),Case(12),Case(12),
740343,4638,366336,Potter's Paralyzer 375ml 24/cs,Potter's Paralyzer 375ml 24/cs (BC 366336),,,,,Case(24),Case(24),Case(24),Case(24),
740365,4640,282517,Black Russian 1140ml 12/cs,Black Russian 1140ml 12/cs (BC 282517),,,,,Case(12),Case(12),Case(12),Case(12),
740366,4642,,Black Russian 375ml 12/cs,Black Russian 375ml 12/cs,,,,,Case(12),Case(12),Case(12),Case(12),
740367,4644,308049,Black Russian 750ml 12/cs,Black Russian 750ml 12/cs (BC 308049),,,,,Case(12),Case(12),Case(12),Case(12),
744641,4646,,True North Vodka 750ml 18/cs,True North Vodka 750ml 18/cs,,,,,Case(18),Case(18),Case(18),Case(18),
744642,4648,,True North Vodka 1140ml 12/cs,True North Vodka 1140ml 12/cs,,,,,Case(12),Case(12),Case(12),Case(12),
744643,4650,,True North Vodka 1750ml 6/cs,True North Vodka 1750ml 6/cs,,,,,Case(6),Case(6),Case(6),Case(6),
745173,4652,801944,Potter's Vodka 50ml 60/cs,Potter's Vodka 50ml 60/cs (BC 801944),,,,,Case(60),Case(60),Case(60),Case(60),
745174,4654,788059,Potter's Special Rye 50ml 60/cs,Potter's Special Rye 50ml 60/cs (BC 788059),,,,,Case(60),Case(60),Case(60),Case(60),
745566,4656,,True North Egg Nog 750ml 12/cs,True North Egg Nog 750ml 12/cs,,,,,Case(12),Case(12),Case(12),Case(12),
745903,4658,,True North Whisky 750ml 18/cs,True North Whisky 750ml 18/cs,,,,,Case(18),Case(18),Case(18),Case(18),
745904,4660,,True North Whisky 1140ml 12/cs,True North Whisky 1140ml 12/cs,,,,,Case(12),Case(12),Case(12),Case(12),
745937,4662,,True North Whisky 1750ml 6/cs,True North Whisky 1750ml 6/cs,,,,,Case(6),Case(6),Case(6),Case(6),
746961,4664,73593,White Owl Spiced Whisky 750ml 6/cs,White Owl Spiced Whisky 750ml 6/cs (BC 073593),,,,,Case(6),Case(6),Case(6),Case(6),
751239,4667,785592,Century Reserve 21 Yr 375ml 6/cs,Century Reserve 21 Yr 375ml 6/cs (BC 785592),,,,,Case(6),Case(6),Case(6),Case(6),
751245,4670,191130,Potter's Vodka 200ml 24/cs,Potter's Vodka 200ml 24/cs (BC 191130),,,,,Case(24),Case(24),Case(24),Case(24),
751246,4672,,Wild Cinnamon Whisky 200ml 24/cs,Wild Cinnamon Whisky 200ml 24/cs,,,,,Case(24),Case(24),Case(24),Case(24),
755562,4673,,1830 Sahara Dry Gin 750ml 6/cs,1830 Sahara Dry Gin 750ml 6/cs,,,,,Case(6),Case(6),Case(6),Case(6),
755624,4676,156466,Bullet Apple Pie 28.4ml 106/cs,Bullet Apple Pie 28.4ml 106/cs (BC 156466),,,,,Case(106),Case(106),Case(106),Case(106),
755637,4678,824268,Ninety Whisky 20yr 750ml 6/cs,Ninety Whisky 20yr 750ml 6/cs (BC 824268),,,,,Case(6),Case(6),Case(6),Case(6),
756489,4681,691121,Ninety Whisky 5yr 750ml 6/cs,Ninety Whisky 5yr 750ml 6/cs (BC 691121),,,,,Case(6),Case(6),Case(6),Case(6),
757238,4684,592428,White Lightning Vodka MAX 375ml 24/cs,White Lightning Vodka MAX 375ml 24/cs (BC 592428),,,,,Case(24),Case(24),Case(24),Case(24),
757413,4686,,Manhattan 750ml 6/cs,Manhattan 750ml 6/cs,,,,,Case(6),Case(6),Case(6),Case(6),
758930,4687,32854,Bellini Bomb 200ml 24/cs,Bellini Bomb 200ml 24/cs (BC 032854),,,,,Case(24),Case(24),Case(24),Case(24),
759010,4688,216168,Abstract Triple Sec 750ml 6/cs,Abstract Triple Sec 750ml 6/cs (BC 216168),,,,,Case(6),Case(6),Case(6),Case(6),
763122,4690,253278,White Lightning Vodka MAX 750ml 12/cs,White Lightning Vodka MAX 750ml 12/cs (BC 253278),,,,,Case(12),Case(12),Case(12),Case(12),
763162,4692,541904,Abstract Amaretto 750ml 6/cs,Abstract Amaretto 750ml 6/cs (BC 541904),,,,,Case(6),Case(6),Case(6),Case(6),
763169,4694,534321,Abstract Creme de Cacao 750ml 6/cs,Abstract Creme de Cacao 750ml 6/cs (BC 534321),,,,,Case(6),Case(6),Case(6),Case(6),
763172,4696,329904,Abstract Sambuca 750ml 6/cs,Abstract Sambuca 750ml 6/cs (BC 329904),,,,,Case(6),Case(6),Case(6),Case(6),
763173,4698,522441,Abstract Apricot Brandy 750ml 6/cs,Abstract Apricot Brandy 750ml 6/cs (BC 522441),,,,,Case(6),Case(6),Case(6),Case(6),
763174,4700,526087,Abstract Peach 750ml 6/cs,Abstract Peach 750ml 6/cs (BC 526087),,,,,Case(6),Case(6),Case(6),Case(6),
764419,4702,153401,Bullet Burt 28.4ml 106/cs,Bullet Burt 28.4ml 106/cs (BC 153401),,,,,Case(106),Case(106),Case(106),Case(106),
764906,4704,878595,White Owl Ginger Lime Whisky 750ml 6/cs,White Owl Ginger Lime Whisky 750ml 6/cs (BC 878595),,,,,Case(6),Case(6),Case(6),Case(6),
766433,4707,795211,Centennial Whisky 3L 1/cs,Centennial Whisky 3L 1/cs (BC 795211),,,,,Each,Each,Each,Each,
767148,4709,548156,Hundred Volt Whisky 750ml 12/cs,Hundred Volt Whisky 750ml 12/cs (BC 548156),,,,,Case(12),Case(12),Case(12),Case(12),
767149,4710,786699,Hundred Volt Whisky 200ml 24/cs,Hundred Volt Whisky 200ml 24/cs (BC 786699),,,,,Case(24),Case(24),Case(24),Case(24),
767151,4712,522730,Hundred Volt Whisky 375ml 24/cs,Hundred Volt Whisky 375ml 24/cs (BC 522730),,,,,Case(24),Case(24),Case(24),Case(24),
767152,4714,482562,White Lightning Vodka MAX 200ml 24/cs,White Lightning Vodka MAX 200ml 24/cs (BC 482562),,,,,Case(24),Case(24),Case(24),Case(24),
768384,4715,501015,True North Candy Cane Cream 750ml 12/cs,True North Candy Cane Cream 750ml 12/cs (BC 501015),,,,,Case(12),Case(12),Case(12),Case(12),
768440,4717,,King's Cross Irish Cream 750ml 12/cs,King's Cross Irish Cream 750ml 12/cs,,,,,Case(12),Case(12),Case(12),Case(12),
768441,4719,,King's Cross Irish Cream 1140ml 8/cs,King's Cross Irish Cream 1140ml 8/cs,,,,,Case(8),Case(8),Case(8),Case(8),
768595,4721,533919,Ceili's Signature Irish Cream 750ml 12/cs,Ceili's Signature Irish Cream 750ml 12/cs (BC 533919),,,,,Case(12),Case(12),Case(12),Case(12),
768596,4724,59436,Ceili's Signature Irish Cream 1140ml 8/cs,Ceili's Signature Irish Cream 1140ml 8/cs (BC 059436),,,,,Case(8),Case(8),Case(8),Case(8),
769466,4726,681528,Centennial Dark Chocolate Whisky 750ml 6/cs,Centennial Dark Chocolate Whisky 750ml 6/cs (BC 681528),,,,,Case(6),Case(6),Case(6),Case(6),
769467,4729,,Centennial Maple Whisky 750ml 6/cs,Centennial Maple Whisky 750ml 6/cs,,,,,Case(6),Case(6),Case(6),Case(6),
774526,4731,876334,Foothills Gluten Free Vodka 750ml 6/cs,Foothills Gluten Free Vodka 750ml 6/cs (BC 876334),,,,,Case(6),Case(6),Case(6),Case(6),
774528,4734,435677,Centennial Whisky 375ml 12/cs,Centennial Whisky 375ml 12/cs (BC 435677),,,,,Case(12),Case(12),Case(12),Case(12),
776847,4735,897520,Canadian Rockies Whisky 21yr 46% 6/cs,Canadian Rockies Whisky 21yr 46% 6/cs (BC 897520),,,,,Case(6),Case(6),Case(6),Case(6),
779037,4736,60392,Abstract Butterscotch 750ml 6/cs,Abstract Butterscotch 750ml 6/cs (BC 060392),,,,,Case(6),Case(6),Case(6),Case(6),
779192,4738,,Potter's Spiced Rum 1140ml 12/cs,Potter's Spiced Rum 1140ml 12/cs,,,,,Case(12),Case(12),Case(12),Case(12),
779463,4740,547521,Mt. Logan Whisky 5yr 750ml 6/cs,Mt. Logan Whisky 5yr 750ml 6/cs (BC 547521),,,,,Case(6),Case(6),Case(6),Case(6),
779464,4741,51888,Mt. Logan Whisky 15yr 750ml 6/cs,Mt. Logan Whisky 15yr 750ml 6/cs (BC 051888),,,,,Case(6),Case(6),Case(6),Case(6),
779466,4742,846287,Mt. Logan Whisky 20yr 750ml 6/cs,Mt. Logan Whisky 20yr 750ml 6/cs (BC 846287),,,,,Case(6),Case(6),Case(6),Case(6),
779632,4743,85084,Centennial Coffee Bean 375ml 12/cs,Centennial Coffee Bean 375ml 12/cs (BC 085084),,,,,Case(12),Case(12),Case(12),Case(12),
780767,4744,,Crow Whisky 750ml 18/cs,Crow Whisky 750ml 18/cs,,,,,Case(18),Case(18),Case(18),Case(18),
780768,4745,,Crow Vodka 750ml 18/cs,Crow Vodka 750ml 18/cs,,,,,Case(18),Case(18),Case(18),Case(18),
780769,4746,,Crow Rum 750ml 18/cs,Crow Rum 750ml 18/cs,,,,,Case(18),Case(18),Case(18),Case(18),
784962,4747,,Antrim Vodka 750ml 18/cs,Antrim Vodka 750ml 18/cs,,,,,Case(18),Case(18),Case(18),Case(18),
784963,4748,,Rangeland Rye Whisky 750ml 18/cs,Rangeland Rye Whisky 750ml 18/cs,,,,,Case(18),Case(18),Case(18),Case(18),
784964,4749,,Merchant Rum 750ml 18/cs,Merchant Rum 750ml 18/cs,,,,,Case(18),Case(18),Case(18),Case(18),
786272,4750,,White Owl Caramel Whisky 750ml 6/cs,White Owl Caramel Whisky 750ml 6/cs,,,,,Case(6),Case(6),Case(6),Case(6),
786506,4752,,King's Cross Irish Cream 1750ml 6/cs,King's Cross Irish Cream 1750ml 6/cs,,,,,Case(6),Case(6),Case(6),Case(6),
786515,4753,,Deca Vodka 1750ml 6/cs,Deca Vodka 1750ml 6/cs,,,,,Case(6),Case(6),Case(6),Case(6),
801576,4754,,Cruxx Grain Spirit 375ml 12/cs,Cruxx Grain Spirit 375ml 12/cs,,,,,Case(12),Case(12),Case(12),Case(12),
801577,4756,,Cruxx Grain Spirit 750ml 12/cs,Cruxx Grain Spirit 750ml 12/cs,,,,,Case(12),Case(12),Case(12),Case(12),
802743,4758,,Stoked Vodka 375ml 12/cs,Stoked Vodka 375ml 12/cs,,,,,Case(12),Case(12),,Case(12),
803029,4759,,Graffiti Sambuca 1140ml 6/cs,Graffiti Sambuca 1140ml 6/cs,,,,,Case(6),Case(6),Case(6),Case(6),
803498,4761,,Antrim Vodka 1140ml 12/cs,Antrim Vodka 1140ml 12/cs,,,,,Case(12),Case(12),Case(12),Case(12),
803499,4762,,Antrim Vodka 1750ml 6/cs,Antrim Vodka 1750ml 6/cs,,,,,Case(6),Case(6),Case(6),Case(6),
803500,4763,,Rangeland Rye Whisky 1140ml 12/cs,Rangeland Rye Whisky 1140ml 12/cs,,,,,Case(12),Case(12),Case(12),Case(12),
803501,4764,,Merchant Rum 1140ml 12/cs,Merchant Rum 1140ml 12/cs,,,,,Case(12),Case(12),Case(12),Case(12),
803920,4765,190361,Canadian Rockies Whisky 17/yr 6/cs,Canadian Rockies Whisky 17/yr 6/cs (BC 190361),,,,,Case(6),Case(6),Case(6),Case(6),
804524,4766,,Liberator Vodka 750ml 6/cs,Liberator Vodka 750ml 6/cs,,,,,Case(6),Case(6),Case(6),Case(6),
804526,4768,112546,Liberator Whisky 750ml 6/cs,Liberator Whisky 750ml 6/cs (BC 112546),,,,,Case(6),Case(6),Case(6),Case(6),
804528,4770,,Liberator Gin 750ml 6/cs,Liberator Gin 750ml 6/cs,,,,,Case(6),Case(6),Case(6),Case(6),
808708,4772,227259,Merchant Spiced Rum 750ml 12/cs,Merchant Spiced Rum 750ml 12/cs (BC 227259),,,,,Case(12),Case(12),Case(12),Case(12),
815357,4773,,Mt. Logan Manhattan 750ml 6/cs,Mt. Logan Manhattan 750ml 6/cs,,,,,Case(6),Case(6),Case(6),Case(6),
815359,4774,191800,White Lightning Max Cinnamon 375ml 24/cs,White Lightning Max Cinnamon 375ml 24/cs (BC 191800),,,,,Case(24),Case(24),Case(24),Case(24),
815518,4776,173796,Axis Blue Curacao 16% 375ml 12/cs,Axis Blue Curacao 16% 375ml 12/cs (BC 173796),,,,,Case(12),Case(12),Case(12),Case(12),
815519,4777,173796,Axis Butterscotch 16% 375ml 12/cs,Axis Butterscotch 16% 375ml 12/cs (BC 173790),,,,,Case(12),Case(12),Case(12),Case(12),
815520,4778,173843,Axis Creme de Cacao 16% 375ml 12/cs,Axis Creme de Cacao 16% 375ml 12/cs (BC 173843),,,,,Case(12),Case(12),Case(12),Case(12),
815521,4779,173840,Axis Rootbeer 16% 375ml 12/cs,Axis Rootbeer 16% 375ml 12/cs (BC 173840),,,,,Case(12),Case(12),Case(12),Case(12),
815522,4780,173834,Axis Raspberry Sour 15% 375ml 12/cs,Axis Raspberry Sour 15% 375ml 12/cs (BC 173834),,,,,Case(12),Case(12),Case(12),Case(12),
815524,4781,,Axis Blue Curacao 16% 750ml 6/cs,Axis Blue Curacao 16% 750ml 6/cs,,,,,Case(6),Case(6),Case(6),Case(6),
815525,4782,173837,Axis Triple Sec 16% 375ml 12/cs,Axis Triple Sec 16% 375ml 12/cs (BC 173837),,,,,Case(12),Case(12),Case(12),Case(12),
815526,4783,,Axis Raspberry Sour 15% 750ml 6/cs,Axis Raspberry Sour 15% 750ml 6/cs,,,,,Case(6),Case(6),Case(6),Case(6),
815527,4784,,Axis Triple Sec 16% 750ml 6/cs,Axis Triple Sec 16% 750ml 6/cs,,,,,Case(6),Case(6),Case(6),Case(6),
815539,4785,,Axis Creme de Cacao 16% 750ml 6/cs,Axis Creme de Cacao 16% 750ml 6/cs,,,,,Case(6),Case(6),Case(6),Case(6),
816982,4786,,White Owl Coconut Whisky 750ml 6/cs,White Owl Coconut Whisky 750ml 6/cs,,,,,Case(6),Case(6),Case(6),Case(6),
818620,4789,,Sweet Sippin' Maple Cream Whisky 750ml 6/cs,Sweet Sippin' Maple Cream Whisky 750ml 6/cs,,,,,Case(6),Case(6),Case(6),Case(6),
821735,4792,,Medallion Spiced Rum 1140ml 12/cs,Medallion Spiced Rum 1140ml 12/cs,,,,,Case(12),Case(12),Case(12),Case(12),
822717,4794,,Century Reserve Beer Whisky 750ml 6/cs,Century Reserve Beer Whisky 750ml 6/cs,,,,,Case(6),Case(6),Case(6),Case(6),
824993,4796,,King's Cross Candy Cane Cream 750ml 12/cs,King's Cross Candy Cane Cream 750ml 12/cs,,,,,Case(12),Case(12),Case(12),Case(12),
826435,4797,17544,Jerez Brandy 18/yr 750ml 6/cs,Jerez Brandy 18/yr 750ml 6/cs (BC 017544),,,,,Case(6),Case(6),Case(6),Case(6),
835197,4798,112659,True North Cream 750ml 12/cs,True North Cream 750ml 12/cs (BC 112659),,,,,Case(12),Case(12),Case(12),Case(12),
839441,4801,,Federated Coop Vodka 750ml 18/cs,Federated Coop Vodka 750ml 18/cs,,,,,Case(18),Case(18),Case(18),Case(18),
839442,4803,,Federated Coop Whisky 750ml 12/cs,Federated Coop Whisky 750ml 12/cs,,,,,Case(12),Case(12),Case(12),Case(12),
839444,4805,,Federated Coop Spiced Rum 750ml 12/cs,Federated Coop Spiced Rum 750ml 12/cs,,,,,Case(12),Case(12),Case(12),Case(12),
839445,4807,,Federated Coop Cream 750ml 12/cs,Federated Coop Cream 750ml 12/cs,,,,,Case(12),Case(12),Case(12),Case(12),
839955,4809,,Merant Spiced Rum 750ml 12/cs,Merant Spiced Rum 750ml 12/cs,,,,,Case(12),Case(12),Case(12),Case(12),
843408,4810,59168,Foothills Gluten Free Vodka 1140ml 6/cs,Foothills Gluten Free Vodka 1140ml 6/cs (BC 059168),,,,,Case(6),Case(6),Case(6),Case(6),
843409,4811,59165,Centennial Canadian Whisky 1140ml 6/cs,Centennial Canadian Whisky 1140ml 6/cs (BC 059165),,,,,Case(6),Case(6),Case(6),Case(6),
858290,4813,,King's Cross Espresso Cream 750ml 12/cs,King's Cross Espresso Cream 750ml 12/cs,,,,,Case(12),Case(12),Case(12),Case(12),
881721,4815,318986,Bullet The Shaft 28.4ml 106/cs,Bullet The Shaft 28.4ml 106/cs  (BC 318986),,,,,Case(106),Case(106),Case(106),Case(106),
881722,4817,319007,Bullet BananaRama 28.4ml 106/cs,Bullet BananaRama 28.4ml 106/cs (BC 319007),,,,,Case(106),Case(106),Case(106),Case(106),
881723,4819,319010,Bullet Sour Orange 28.4ml 106/cs,Bullet Sour Orange 28.4ml 106/cs (BC 319010),,,,,Case(106),Case(106),Case(106),Case(106),
881724,4821,318983,Bullet Jolly Shot 28.4ml 106/cs,Bullet Jolly Shot 28.4ml 106/cs (BC 318983),,,,,Case(106),Case(106),Case(106),Case(106),
896852,4823,,Totem Vodka 750ml 6/cs,Totem Vodka 750ml 6/cs,,,,,Case(6),Case(6),Case(6),Case(6),
922410,4825,,Great Plains Jerez Brandy 18/yr 6/cs,Great Plains Jerez Brandy 18/yr 6/cs,,,,,Case(6),Case(6),,Case(6),
5000148,4826,,Potter's Vodka 50ml 200/cs,Potter's Vodka 50ml 200/cs,,,,,Case(200),Case(200),Case(200),Case(200),
387209ON,4829,,Centennial Whisky 750ml 12/cs (Ontario),Centennial Whisky 750ml 12/cs (Ontario),,,,,Case(12),Case(12),Case(12),Case(12),
779192/6,4830,573543,Potter's Spiced Rum 1140ml 6/cs,Potter's Spiced Rum 1140ml 6/cs (BC 573543),,,,,Case(6),Case(6),Case(6),Case(6),
ETHYL473/12,4836,,Bruno Ethyl Alcohol 473ml 12/cs,Bruno Ethyl Alcohol 473ml 12/cs,,,,,Case(12),Case(12),Case(12),Case(12),
LB126644,4838,,Galliano Vanilla 50ml 120/cs,Galliano Vanilla 50ml 120/cs,,,,,Case(120),Case(120),,Case(120),
BANRAMB,4873,,BananaRama Blend,BananaRama Blend,,,,,Volume(LAA's),LAA,,LAA,
BURT BOMB,4874,,Burt Bomb Blend,Burt Bomb Blend,,,,,Volume(LAA's),LAA,LAA,LAA,
CENTB,4875,,Centennial Blend,Centennial Blend,,,,,Volume(LAA's),LAA,LAA,LAA,
CENTDCB,4876,,Centennial Dark Chocolate Blend,Centennial Dark Chocolate Blend,,,,,Volume(LAA's),LAA,LAA,LAA,
CLB,4877,,Colita Blend - Light 16%,Colita Blend - Light 16%,,,,,Volume(LAA's),LAA,LAA,LAA,
FGFV,4878,,Foothills Gluten Free Vodka Blend,Foothills Gluten Free Vodka Blend,,,,,Volume(LAA's),LAA,LAA,LAA,
GB,4879,,Gin Blend,Gin Blend,,,,,Volume(LAA's),LAA,LAA,LAA,
GBUTB,4880,,Graffiti Butterscotch Blend,Graffiti Butterscotch Blend,,,,,Volume(LAA's),LAA,LAA,LAA,
GMB,4881,,Graffiti Melon Blend,Graffiti Melon Blend,,,,,Volume(LAA's),LAA,LAA,LAA,
GPSB,4882,,Graffiti Peach Schnapps Blend,Graffiti Peach Schnapps Blend,,,,,Volume(LAA's),LAA,LAA,LAA,
GRBB,4883,,Graffiti Root Beer Blend,Graffiti Root Beer Blend,,,,,Volume(LAA's),LAA,LAA,LAA,
HWB,4884,,Highwood Whisky Blend,Highwood Whisky Blend,,,,,Volume(LAA's),LAA,LAA,LAA,
JSB,4885,,Jolly Shot Blend,Jolly Shot Blend,,,,,Volume(LAA's),LAA,,LAA,
KCCB,4886,,King's Cross Irish Cream Blend,King's Cross Irish Cream Blend,,,,,Volume(LAA's),LAA,LAA,LAA,
LIB,4887,,Long Island Iced Tea Blended,Long Island Iced Tea Blended,,,,,Volume(LAA's),LAA,LAA,LAA,
MBB,4888,,Milestone's Bellini Blend,Milestone's Bellini Blend,,,,,Volume(LAA's),LAA,LAA,LAA,
MLWB15,4889,,Mt. Logan Whisky Blend - 15 years,Mt. Logan Whisky Blend - 15 years,,,,,Volume(LAA's),LAA,LAA,LAA,
NINETY5,4890,,Ninety Whisky Blend - 5 year,Ninety Whisky Blend - 5 year,,,,,Volume(LAA's),LAA,LAA,LAA,
PPLB,4891,,Potter's Paralyzer Lite Blend 34.9%,Potter's Paralyzer Lite  Blend 34.9%,,,,,Volume(LAA's),LAA,LAA,LAA,
PSB,4892,,Porn Star Blend,Porn Star Blend,,,,,Volume(LAA's),LAA,LAA,LAA,
PWB,4893,,Medallion Whisky Blend,Medallion Whisky Blend,,,,,Volume(LAA's),LAA,LAA,LAA,
RB,4894,,Rum Blended,Rum Blended,,,,,Volume(LAA's),LAA,LAA,LAA,
RSB,4895,,Rasberry Sour Blend,Rasberry Sour Blend,,,,,Volume(LAA's),LAA,LAA,LAA,
SOB,4896,,Sour Orange Blend,Sour Orange Blend,,,,,Volume(LAA's),LAA,LAA,LAA,
SOTBB,4897,,Sex on the Beach Blend,Sex on the Beach Blend,,,,,Volume(LAA's),LAA,LAA,LAA,
SSMCR,4898,,Sweet Sippin Maple Cream,Sweet Sippin Maple Cream,,,,,Volume(LAA's),LAA,LAA,LAA,
SWOW,4899,,Spiced White Owl Whisky Blend,Spiced White Owl Whisky Blend,,,,,Volume(LAA's),LAA,LAA,LAA,
VB,4900,,Vodka Blend,Vodka Blend,,,,,Volume(LAA's),LAA,LAA,LAA,
VB/20%,4901,,Vodka Blend 20%,Vodka Blend 20%,,,,,Volume(LAA's),LAA,LAA,LAA,
VB/50%,4902,,Vodka Blend 50%,Vodka Blend 50%,,,,,Volume(LAA's),LAA,LAA,LAA,
VB/BOLS,4903,,Vodka Blend - Bols,Vodka Blend - Bols,,,,,Volume(LAA's),LAA,LAA,LAA,
VB/P,4904,,Vodka Blend - Pearl,Vodka Blend - Pearl,,,,,Volume(LAA's),LAA,,LAA,
WOWB,4905,,White Owl Whisky Blend,White Owl Whisky Blend,,,,,Volume(LAA's),LAA,LAA,LAA,
WRC,4906,,Stawberry Cream Blend,Stawberry Cream Blend,,,,,Volume(LAA's),LAA,LAA,LAA,
90070,4979,,Cream liqueur #90070,Cream liqueur #90070,Cream liqueur #90070,,,,Volume(LAA's),LAA,LAA,LAA,
710402,4980,,Graffiti Butterscotch 1140ml 6/cs (BC 049858),Graffiti Butterscotch 1140ml 6/cs (BC 049858),Graffiti Butterscotch 1140ml 6/cs (BC 049858),,,,Volume(LAA's),LAA,LAA,LAA,
ABANB,4981,,Abstract Banana Blend,Abstract Banana Blend,Abstract Banana Blend,,,,Volume(LAA's),LAA,LAA,LAA,
ABUTB,4982,,Abstract Butterscotch Blend,Abstract Butterscotch Blend,Abstract Butterscotch Blend,,,,Volume(LAA's),LAA,LAA,LAA,
ACACB,4983,,Abstract Cacao Blend,Abstract Cacao Blend,Abstract Cacao Blend,,,,Volume(LAA's),LAA,LAA,LAA,
APPLE BOMB,4984,,Apple Pie Bomb Blend,Apple Pie Bomb Blend,Apple Pie Bomb Blend,,,,Volume(LAA's),LAA,LAA,LAA,
ASB,4985,,Apple SourWave Blend,Apple SourWave Blend,Apple SourWave Blend,,,,Volume(LAA's),LAA,LAA,LAA,
B52B,4986,,B52 Blend,B52 Blend,B52 Blend,,,,Volume(LAA's),LAA,LAA,LAA,
BRBL,4987,,Black Russian Blend Lite 34.9%,Black Russian Blend Lite 34.9%,Black Russian Blend Lite 34.9%,,,,Volume(LAA's),LAA,LAA,LAA,
CCB,4988,,Ceili's Cream Blend,Ceili's Cream Blend,Ceili's Cream Blend,,,,Volume(LAA's),LAA,LAA,LAA,
CCB/B,4989,,Ceili's Cream Blend Bullets 16%,Ceili's Cream Blend Bullets 16%,Ceili's Cream Blend Bullets 16%,,,,Volume(LAA's),LAA,LAA,LAA,
CDNR/17,4990,,Canadian Rockies Whisky Blend 17/yr @ 50%,Canadian Rockies Whisky Blend 17/yr @ 50%,Canadian Rockies Whisky Blend 17/yr @ 50%,,,,Volume(LAA's),LAA,LAA,LAA,
CSCB,4991,,Ceili's Signature Cream Blend,Ceili's Signature Cream Blend,Ceili's Signature Cream Blend,,,,Volume(LAA's),LAA,LAA,LAA,
CWLB,4992,,China White Light Blend 16%,China White Light Blend 16%,China White Light Blend 16%,,,,Volume(LAA's),LAA,LAA,LAA,
DCB,4993,,Dublin Cream Blend,Dublin Cream Blend,Dublin Cream Blend,,,,Volume(LAA's),LAA,LAA,LAA,
DGB,4994,,Dirty Girl Blend,Dirty Girl Blend,Dirty Girl Blend,,,,Volume(LAA's),LAA,LAA,LAA,
EG,4995,,Empire Gin Blend,Empire Gin Blend,Empire Gin Blend,,,,Volume(LAA's),LAA,LAA,LAA,
GAMG,4996,,Graffiti Amaretto Blend,Graffiti Amaretto Blend,Graffiti Amaretto Blend,,,,Volume(LAA's),LAA,LAA,LAA,
GB/LIBERATOR,4997,,Gin Blend - Liberator,Gin Blend - Liberator,Gin Blend - Liberator,,,,Volume(LAA's),LAA,LAA,LAA,
GBANB,4998,,Graffiti Banana Blend,Graffiti Banana Blend,Graffiti Banana Blend,,,,Volume(LAA's),LAA,LAA,LAA,
GCURB,4999,,Graffiti Curaco Blend,Graffiti Curaco Blend,Graffiti Curaco Blend,,,,Volume(LAA's),LAA,LAA,LAA,
GSAMB,5000,,Graffiti Sambuca Blend,Graffiti Sambuca Blend,Graffiti Sambuca Blend,,,,Volume(LAA's),LAA,LAA,LAA,
KANDIB,5001,,Kandi Kiss Blend,Kandi Kiss Blend,Kandi Kiss Blend,,,,Volume(LAA's),LAA,LAA,LAA,
KCCB/ESPRESSO,5002,,King's Cross Espresso Cream Blend,King's Cross Espresso Cream Blend,King's Cross Espresso Cream Blend,,,,Volume(LAA's),LAA,LAA,LAA,
MLWB20,5003,,Mt. Logan Whisky Blend - 20 years,Mt. Logan Whisky Blend - 20 years,Mt. Logan Whisky Blend - 20 years,,,,Volume(LAA's),LAA,LAA,LAA,
MLWB5,5004,,Mt. Logan Whisky Blend - 5 years,Mt. Logan Whisky Blend - 5 years,Mt. Logan Whisky Blend - 5 years,,,,Volume(LAA's),LAA,LAA,LAA,
MRB,5005,,Momento Rum Blend,Momento Rum Blend,Momento Rum Blend,,,,Volume(LAA's),LAA,LAA,LAA,
NINETY25,5006,,Ninety Whisky Blend - 20 year,Ninety Whisky Blend - 20 year,Ninety Whisky Blend - 20 year,,,,Volume(LAA's),LAA,LAA,LAA,
NLEN,5007,,Northern Lights Egg Nog Blend,Northern Lights Egg Nog Blend,Northern Lights Egg Nog Blend,,,,Volume(LAA's),LAA,LAA,LAA,
PAAB,5008,,Potter's Abstract Amaretto Blend,Potter's Abstract Amaretto Blend,Potter's Abstract Amaretto Blend,,,,Volume(LAA's),LAA,LAA,LAA,
PABB,5009,,Potter's Abstract Apricot Brandy Blend,Potter's Abstract Apricot Brandy Blend,Potter's Abstract Apricot Brandy Blend,,,,Volume(LAA's),LAA,LAA,LAA,
PAPB,5010,,Potter's Abstract Peach Blend,Potter's Abstract Peach Blend,Potter's Abstract Peach Blend,,,,Volume(LAA's),LAA,LAA,LAA,
PASB,5011,,Potter's Abstract Sambuca Blend,Potter's Abstract Sambuca Blend,Potter's Abstract Sambuca Blend,,,,Volume(LAA's),LAA,LAA,LAA,
PDRB,5012,,Potter's Dark Rum Blended,Potter's Dark Rum Blended,Potter's Dark Rum Blended,,,,Volume(LAA's),LAA,LAA,LAA,
PMARB,5013,,Potter's Margarita Blend,Potter's Margarita Blend,Potter's Margarita Blend,,,,Volume(LAA's),LAA,LAA,LAA,
PTB,5014,,Potter's Bulk Tequila Blend,Potter's Bulk Tequila Blend,Potter's Bulk Tequila Blend,,,,Volume(LAA's),LAA,LAA,LAA,
PWB21,5015,,Potter's  Whisky Blend - 21 years,Potter's  Whisky Blend - 21 years,Potter's  Whisky Blend - 21 years,,,,Volume(LAA's),LAA,LAA,LAA,
PWB4,5016,,Potter's  Whisky Blend - 4yr,Potter's  Whisky Blend - 4yr,Potter's  Whisky Blend - 4yr,,,,Volume(LAA's),LAA,LAA,LAA,
SB,5017,,Sambuca Blend,Sambuca Blend,Sambuca Blend,,,,Volume(LAA's),LAA,LAA,LAA,
SGB1830,5018,,Sahara 1830 Gin Blend,Sahara 1830 Gin Blend,Sahara 1830 Gin Blend,,,,Volume(LAA's),LAA,LAA,LAA,
SPICED RUM BLEND,5019,,Spiced Rum Blend,Spiced Rum Blend,Spiced Rum Blend,,,,Volume(LAA's),LAA,LAA,LAA,
SSWB,5020,,Sweet Sippin Whisky Blend,Sweet Sippin Whisky Blend,Sweet Sippin Whisky Blend,,,,Volume(LAA's),LAA,LAA,LAA,
TBOLTB,5021,,Thunder Bolt Whisky Blend,Thunder Bolt Whisky Blend,Thunder Bolt Whisky Blend,,,,Volume(LAA's),LAA,LAA,LAA,
TSB,5022,,Triple Sec Blended,Triple Sec Blended,Triple Sec Blended,,,,Volume(LAA's),LAA,LAA,LAA,
VB/95%,5023,,Vodka Blend 95% (Cruxx),Vodka Blend 95% (Cruxx),Vodka Blend 95% (Cruxx),,,,Volume(LAA's),LAA,LAA,LAA,
VB/COOP,5024,,Vodka Blend - Co-op,Vodka Blend - Co-op,Vodka Blend - Co-op,,,,Volume(LAA's),LAA,LAA,LAA,
VB/LIBERATOR,5025,,Vodka Blend - Liberator,Vodka Blend - Liberator,Vodka Blend - Liberator,,,,Volume(LAA's),LAA,LAA,LAA,
VB/NW,5026,,Vodka Blend - North West,Vodka Blend - North West,Vodka Blend - North West,,,,Volume(LAA's),LAA,LAA,LAA,
VB/WLMCINN,5027,,Vodka Blend - White Lightning Max Cinnamon,Vodka Blend - White Lightning Max Cinnamon,Vodka Blend - White Lightning Max Cinnamon,,,,Volume(LAA's),LAA,LAA,LAA,
WB/LIBERATOR,5028,,Whisky Blend - Liberator,Whisky Blend - Liberator,Whisky Blend - Liberator,,,,Volume(LAA's),LAA,LAA,LAA,
WFCW,5029,,Wild Fire Cinnamon Whisky Blend,Wild Fire Cinnamon Whisky Blend,Wild Fire Cinnamon Whisky Blend,,,,Volume(LAA's),LAA,LAA,LAA,
WOWC,5030,,Caramel White Owl Whisky Blend,Caramel White Owl Whisky Blend,Caramel White Owl Whisky Blend,,,,Volume(LAA's),LAA,LAA,LAA,
WOWCOCO,5031,,Coconut White Owl Whisky Blend,Coconut White Owl Whisky Blend,Coconut White Owl Whisky Blend,,,,Volume(LAA's),LAA,LAA,LAA,
WOWGL,5032,,Ginger Lime White Owl Whisky Blend,Ginger Lime White Owl Whisky Blend,Ginger Lime White Owl Whisky Blend,,,,Volume(LAA's),LAA,LAA,LAA,
Rye Whisky,5283,,,,,,,,Volume(LAA's),LAA,LAA,LAA,
Wheat Whisky,5284,,,,,,,,Volume(LAA's),LAA,LAA,LAA,
Corn Whisky,5285,,,Bulk Corn Whisky,,,,,Volume(LAA's),LAA,LAA,LAA,
629410,5289,,BCLDB 95th Anniversary Whisky,,,,,,Case(6),Case(6),Case(6),Case(6),
231167,5291,231167,Bols Vodka 1750ml 6/cs,Bols Vodka 1750ml 6/cs,,,,,Case(6),Case(6),Case(6),Case(6),
59451,5292,,Bols Vodka 375ml 24/cs,Bols Vodka 375ml 24/cs,,,,,Case(24),Case(24),Case(24),Case(24),
731550A,5297,772137,Rainbow Bullets 28.4ml Alberta,Rainbow Bullets 28.4ml 106/cs (BC 772137),,,,,Case(106),Case(106),Case(106),Case(106),
112079,5298,,Federated Coop Vodka 750ml 12/cs,"Federated Coop Vodka 750ml 12/cs 
",,,,,Case(12),Case(12),Case(12),Case(12),
710409,5299,,Graffiti Triple Sec 1140ml 6/cs,"Graffiti Triple Sec 1140ml 6/cs 
",,,,,Case(6),Case(6),Case(6),Case(6),
322370PET,5300,322370PET,Highwood Vodka 750ml 12/cs PET,"Highwood Vodka 750ml 12/cs 
",,,,,Case(12),Case(12),Case(12),Case(12),
778712,5301,626804,Legacy Irish Cream 750ml 12/cs,"Legacy Irish Cream 750ml 12/cs 
",,,,,Case(12),Case(12),Case(12),Case(12),
019281WLMOP,5302,019281WLMOP,Potter's Vodka 1140ml + WLV MAX onpak 12/cs,"Potter's Vodka 1140ml + WLV MAX onpak 12/cs 
",,,,,Case(12),Case(12),Case(12),Case(12),
201459WLMOP,5303,201459,Potter's Vodka 1750ml + WLV Max onpak 6/cs,"Potter's Vodka 1750ml + WLV Max onpak 6/cs 
",,,,,Case(6),Case(6),Case(6),Case(6),
009019WLMOP,5304,9019,Potter's Vodka 750ml 12/cs + WLMax onpak,"Potter's Vodka 750ml 12/cs + WLMax onpak 
",,,,,Case(12),Case(12),Case(12),Case(12),
160077CWOP,5305,160077,Potter's Whisky 1750ml c/w Centennial onpak,"Potter's Whisky 1750ml c/w Centennial onpak 
",,,,,Case(6),Case(6),Case(6),Case(6),
746961WOP,5309,,Spiced White Owl Whisky 750 ml c/w WOW onpak,"Spiced White Owl Whisky 750 ml c/w WOW onpak 
",,,,,Case(6),Case(6),Case(6),Case(6),
SHAFTB,5310,,The Shaft Blend,"The Shaft Blend 
",,,,,Volume(LAA's),LAA,LAA,LAA,
104781,5311,,True North Vodka Strong 750ml 12/cs,"True North Vodka Strong 750ml 12/cs 
",,,,,Case(12),Case(12),Case(12),Case(12),
884987,5313,379950,Voodoo Orange Pineapple  BC 379950,"Voodoo Orange Pineapple  BC 379950 
",,,,,Case(6),Case(6),Case(6),Case(6),
884986,5314,379953,Voodoo Strawberry Mint  BC379953,"Voodoo Strawberry Mint  BC379953 
",,,,,Case(6),Case(6),Case(6),Case(6),
187904PVOP,5315,187904PVOP,White Lightning Vodka MAX 1750ml 6/ca c/w Potter's Vodka,"White Lightning Vodka MAX 1750ml 6/ca c/w Potter's Vodka 
",,,,,Case(6),Case(6),Case(6),Case(6),
167310,5316,167310,White Lightning Vodka MAX 750ml 12/cs + Potter's Vodka 50ml onpack,"White Lightning Vodka MAX 750ml 12/cs + Potter's Vodka 50ml onpack 
",,,,,Case(12),Case(12),Case(12),Case(12),
14,5317,,Wild Cinnamon Whisky 50ml Sample 200/case,"Wild Cinnamon Whisky 50ml Sample 200/case 
",,,,,Case(200),Case(200),Case(200),Case(200),
ecoSpirits,5319,,ecoSpirits,ecoSpirits Invenotry,,,,,,,,,
894103,5321,,Century Reserve Beer Cask 11 Year Wheat,"Century Reserve Beer Cask 11 Year Wheat 
",,,,,Case(6),Case(6),Case(6),Case(6),
894102,5322,,Century Reserve Beer Cask 8 Year Old Rye,"Century Reserve Beer Cask 11 Year Wheat 
",,,,,Case(6),Case(6),Case(6),Case(6),
ECO-BRAND PLATE HWR,5327,,eco - Brand Plate Highwood Rum,"eco - Brand Plate Highwood Rum 
",,,,,,,,,
ECO-GASKET,5328,,eco - Gasket,"eco - Gasket 
 
",,,,,,,,,
ECO-POURING SPOUT,5329,,eco - Pouring Spout Set 3.1,"eco - Pouring Spout Set 3.1 
 
 
",,,,,,,,,
ECO-SMART POUR 1.1S,5330,,ECO-SMART POUR 1.1S,"ECO-SMART POUR 1.1S 
 
 
 
",,,,,,,,,
ECO-TAMPER EVIDENT SEAL,5331,,,"ECO-TAMPER EVIDENT SEAL 
 
 
 
 
",,,,,,,,,
ECO-BRAND PLATE CH5,5332,,eco-Brand Plate Caldera Hurricane 5,"ECO-BRAND PLATE CH5 
 
 
 
 
 
",,,,,,,,,
ECO-BRAND PLATE HWV,5333,,eco-Brand Plate Highwood Vodka,"eco-Brand Plate Highwood Vodka 
 
 
 
 
 
 
",,,,,,,,,
ECO-BRAND PLATE MACKINTOSH W,5334,,eco-Brand Plate Mackintosh Whisky,"eco-Brand Plate Mackintosh Whisky 
 
 
 
 
 
 
 
",,,,,,,,,
ECO-BRAND PLATE SDG,5335,,eco-brand plate sahara dry gin,"eco-brand plate sahara dry gin 
 
 
 
 
 
 
 
 
",,,,,,,,,
ECO-BRAND PLATE HWW,5336,,eco-Brand Plates Highwood Whisky,"eco-Brand Plates Highwood Whisky 
 
 
 
 
 
 
 
 
",,,,,,,,,
ECO-BRAND PLATE LOS ARCOS,5337,,eco-Brand Plates Los Arcos El Valle,"eco-Brand Plates Los Arcos El Valle 
 
 
 
 
 
 
 
 
 
",,,,,,,,,
ECO-GLASS INSERT,5338,,eco-Glass Insert,"eco-Glass Insert 
 
 
 
 
 
 
 
 
 
 
",,,,,,,,,
ECO-SMARTPOUR2.0S,5339,,eco-Smart Pour 2.0S,"eco-Smart Pour 2.0S 
 
 
 
 
 
 
 
 
 
 
 
",,,,,,,,,
ECO-TOTECAP,5340,,eco-Tote Cap,"eco-Tote Cap 
 
 
 
 
 
 
 
 
 
 
 
",,,,,,,,,
103787,5341,,Foothills Gluten Free Vodka Eco Tote 4.5L,"Foothills Gluten Free Vodka Eco Tote 4.5L 
",,,,,Each,Each,Each,Each,
894714,5342,,Highwood Vodka Eco Tote 4.5L,"Highwood Vodka Eco Tote 4.5L 
 
",,,,,Each,Each,Each,Each,
894710,5343,,Highwood Whisky Eco Tote 4.5L,"Highwood Whisky Eco Tote 4.5L 
 
",,,,,Each,Each,Each,Each,
894717,5344,,Highwood White Rum Eco Tote 4.5L,"Highwood White Rum Eco Tote 4.5L 
",,,,,Each,Each,Each,Each,
895863,5345,,Sahara Dry Gin Eco Tote 4.5L,"Sahara Dry Gin Eco Tote 4.5L 
 
",,,,,Each,Each,Each,Each,
103785,5346,,White Owl Whisky Eco Tote 4.5L,"White Owl Whisky Eco Tote 4.5L 
 
 
",,,,,Each,Each,Each,Each,
DWB/BLUE SPIKE,5347,,Blue Spike Domestic Whisky Blend 3 YR,"Blue Spike Domestic Whisky Blend 3 YR 
",Ceili's Cream Blend,,,,Volume(LAA's),LAA,LAA,LAA,
WILD ROSE 11YR WHEAT,5348,,Century Reserve Beer Cask 11 Year Wheat BLEND,"Century Reserve Beer Cask 11 Year Wheat BLEND 
",Ceili's Cream Blend,,,,Volume(LAA's),LAA,LAA,LAA,
WILD ROSE 8YR RYE,5349,,Century Reserve Beer Cask 8 Year Rye Blend,Century Reserve Beer Cask 8 Year Rye Blend,Ceili's Cream Blend,,,,Volume(LAA's),LAA,LAA,LAA,
DWB/BLUESPIKE,5350,,Domestic Whisky Blend - Blue Spike 6 YR,"Domestic Whisky Blend - Blue Spike 6 YR 
",Ceili's Cream Blend,,,,Volume(LAA's),LAA,LAA,LAA,
NGS/CEAPRO,5351,,Neutral Grain Spirit Ethanol (96.01%),"Neutral Grain Spirit Ethanol (96.01%) 
 
",Ceili's Cream Blend,,,,Volume(LAA's),LAA,LAA,LAA,
73635,5352,,Highwood Whisky 750ml 12/cs,"Highwood Whisky 750ml 12/cs 
",,,,,Case(12),Case(12),Case(12),Case(12),
886522,5353,,Great Plains Jerez Congac 22/yr 750ml 6/cs,"Great Plains Jerez Congac 22/yr 750ml 6/cs 
",,,,,Case(6),Case(6),Case(6),Case(6),
80099336,5354,,Hand Sanitizer 750ml,"Hand Sanitizer 750ml 
",,,,,Case(12),Case(12),Case(12),Case(12),